key,m,z,b,x
3077,28|53,3|8,2|6,1|8
4441,41|53,8|8,2|6,7|7
3078,27|53,3|8,2|6,0|6
4806,2|8,0|0,0|1,0|1
2756,6|6,0|0,0|0,2|2
5506,0|3,1|1,0|0,1|1
3092,0|3,0|0,0|0,0|0
3427,3|5,0|0,0|0,0|1
5897,2|6,0|0,0|0,0|0
2762,1|4,0|0,0|1,0|0
5138,2|3,0|0,0|0,1|1
5135,1|1,0|1,0|0,0|0
5901,0|2,1|1,0|1,0|1
4778,1|4,1|1,0|0,0|0
5907,2|2,0|0,0|0,1|2
5908,0|2,0|0,0|2,0|0
5531,2|6,0|0,0|1,0|0
20821,13|36,0|7,2|3,5|9
17218,17|36,2|7,3|3,6|7
16525,41|41,6|7,4|4,9|9
20838,1|1,0|0,0|0,0|0
17957,1|4,0|0,0|0,0|0
21517,0|2,0|0,0|0,0|0
17954,2|6,0|0,0|0,0|0
17222,4|4,0|0,0|0,0|0
18720,0|2,0|0,0|0,0|0
21513,0|4,0|0,0|0,1|2
1856,10|10,1|2,1|1,1|1
2445,28|34,5|8,2|2,5|10
2144,31|37,7|8,0|1,12|12
1532,31|37,4|7,0|1,5|10
2170,1|4,0|1,0|1,0|0
526,3|5,2|2,0|0,0|0
527,2|3,1|1,0|1,0|0
1225,4|4,1|1,0|0,0|0
2167,1|3,0|0,0|0,0|1
1854,1|2,0|0,0|0,0|0
4090,3|3,1|1,0|0,2|2
2766,1|1,1|2,1|3,2|6
4093,0|3,0|0,0|0,0|2
5157,0|4,0|0,0|0,2|3
5134,2|5,0|0,0|0,1|1
4452,0|1,0|0,0|0,1|1
3762,3|3,0|0,0|0,1|2
4086,2|2,0|0,0|0,0|1
5903,0|1,1|1,0|0,4|4
12407,34|39,3|3,7|7,3|4
13441,34|45,3|5,8|8,3|4
15205,22|42,1|6,9|9,4|4
11369,15|42,3|5,8|8,4|5
12993,0|2,0|0,0|0,0|0
13001,0|1,0|0,0|0,0|0
12420,0|1,0|0,0|0,1|1
11847,1|3,0|1,1|1,0|0
10949,3|3,0|0,0|0,0|0
11373,2|2,0|0,0|0,0|0
3780,0|4,0|0,0|0,0|0
5524,0|4,0|0,0|0,0|0
4096,1|1,0|0,0|0,0|0
4466,1|3,0|0,0|0,1|2
3071,5|6,0|0,0|0,0|0
3435,1|1,1|1,1|1,0|0
2467,1|4,0|1,0|0,0|0
548,2|3,0|1,0|0,0|0
535,3|3,0|0,0|0,1|1
10000159,3|5,2|2,0|4,2|5
2457,3|4,0|0,0|0,0|1
2439,3|4,0|1,0|0,0|0
10000321,5|6,0|1,0|0,1|1
10000563,7|7,1|1,0|0,1|2
1859,1|2,0|0,0|0,0|0
1555,3|6,0|0,0|1,0|0
10000756,1|2,3|3,0|0,0|0
1554,0|4,0|2,0|0,0|1
10000107,2|3,1|1,0|0,0|1
1543,6|7,0|0,0|0,0|0
1866,1|3,0|0,0|0,0|1
4446,1|2,0|0,0|2,0|1
4104,0|1,0|1,0|1,0|0
5947,0|4,0|0,0|1,1|1
3761,2|3,0|0,0|1,0|0
4445,0|4,0|0,0|1,0|0
3088,0|2,0|0,0|1,0|0
20847,2|3,0|0,0|1,0|0
22197,0|2,0|0,0|1,0|0
21527,0|0,0|0,0|1,0|0
16563,1|3,0|0,1|1,0|0
21490,2|2,0|0,2|2,0|0
19422,3|3,1|1,1|1,1|1
21485,0|1,0|0,1|1,0|1
3774,1|5,1|1,1|2,0|0
4443,2|4,0|0,1|1,2|2
5529,1|2,0|0,1|1,1|1
3438,6|9,0|0,1|1,1|1
5510,1|2,0|0,1|1,0|0
2757,1|4,0|0,1|1,0|0
3079,2|4,0|0,1|1,0|0
5934,0|2,0|0,0|1,0|0
3081,2|3,1|1,1|1,0|0
3091,0|1,0|1,1|1,0|0
6687,30|33,4|6,3|3,10|10
8257,33|34,6|6,3|3,10|10
7845,18|33,0|6,3|3,11|11
9145,0|0,1|1,1|1,0|0
7864,0|2,0|0,0|1,0|0
7871,0|0,0|1,0|1,1|1
7058,0|0,0|0,0|1,0|1
8283,2|2,0|0,1|1,3|3
6665,0|1,0|0,1|1,0|0
6666,1|1,1|1,0|1,0|1
3792,0|1,1|1,0|1,0|0
5528,0|3,0|0,0|1,0|0
4087,0|3,0|0,0|0,0|0
3086,3|5,0|0,0|1,2|2
4108,3|4,0|0,0|0,0|0
3768,3|3,0|0,0|0,0|0
5530,0|3,0|0,0|1,0|1
14011,1|2,0|0,0|0,0|0
15244,1|2,0|1,1|1,0|0
11845,2|2,0|0,0|0,0|0
10923,0|2,0|0,0|0,0|1
10454,3|5,0|0,1|4,0|0
12940,0|3,0|0,0|0,0|0
11378,1|3,0|1,1|1,1|1
15247,2|3,0|1,0|0,0|0
10936,1|1,0|0,1|1,0|1
13487,1|3,0|1,0|0,0|0
9574,1|1,0|0,0|0,1|1
7475,1|3,0|0,0|0,0|0
7064,2|2,0|0,0|0,1|1
9964,3|3,0|0,0|0,2|2
7074,1|3,0|0,1|1,0|0
6673,0|2,0|1,0|0,0|1
9985,1|1,0|0,0|0,1|2
7863,1|1,1|1,0|0,1|1
8269,1|1,0|0,0|0,0|0
6272,2|3,2|2,0|0,2|2
7850,4|5,0|0,0|0,2|2
9980,3|6,0|0,0|0,0|0
7470,0|1,0|0,0|0,0|0
7051,4|4,0|0,0|0,0|0
9142,1|1,0|0,0|0,0|0
9156,1|2,0|0,0|0,0|1
9997,2|5,0|0,0|0,0|1
6664,1|4,0|1,1|1,1|1
8263,3|3,0|0,0|0,0|0
7095,2|4,0|0,0|1,0|0
19457,1|2,0|1,0|0,0|1
21518,1|2,0|1,0|1,0|0
21523,3|3,1|1,0|0,0|1
22176,2|3,0|0,0|0,0|0
17228,3|3,1|1,0|0,1|1
20819,2|2,1|1,0|0,0|0
17986,2|4,0|1,0|0,0|0
18747,2|2,0|0,0|1,0|1
18009,0|5,0|0,0|0,0|0
19438,0|2,0|0,0|0,0|1
15881,0|2,0|0,0|2,0|0
17254,1|3,0|0,0|0,0|0
20828,0|4,0|0,0|0,0|1
20172,0|4,0|0,0|0,0|0
20840,1|3,0|0,0|0,0|0
20166,3|5,0|0,0|0,1|1
3436,3|7,0|0,0|0,0|0
4459,0|4,0|0,0|0,1|1
2785,4|6,0|0,0|0,0|1
3417,3|6,0|0,0|0,1|1
3770,0|2,0|0,0|0,0|0
3099,4|4,0|0,0|0,0|0
5902,1|1,0|0,1|1,1|1
4107,1|3,0|0,0|0,0|2
4106,0|3,0|0,0|0,0|2
4097,0|9,0|1,0|0,0|0
5147,0|5,0|0,0|0,1|1
4803,0|3,0|0,0|0,0|0
4786,3|3,1|2,1|1,1|1
5547,1|2,0|0,0|0,0|0
16559,0|1,0|0,1|1,0|1
17238,1|4,0|0,0|0,2|2
17977,0|2,0|0,1|2,0|1
15882,0|1,0|0,1|3,0|1
18708,0|0,0|0,0|0,1|1
20145,0|2,0|0,0|0,0|2
17981,0|0,0|0,0|0,1|1
8691,1|1,0|0,0|0,1|1
8679,3|3,0|0,0|0,0|0
7843,1|2,0|0,0|0,0|0
6307,0|3,0|0,0|0,0|1
6279,4|5,0|1,0|0,0|2
6269,3|7,1|1,0|0,1|2
13494,1|2,0|0,0|1,0|0
10937,0|5,0|2,1|1,2|2
12376,0|2,0|0,1|1,0|0
14608,1|1,0|0,1|1,0|0
12950,0|1,0|0,0|1,0|0
14585,1|1,0|0,0|1,0|0
14001,0|2,0|0,1|1,0|0
11841,1|1,0|0,1|1,0|0
15243,0|2,0|0,0|1,0|0
14591,1|3,0|0,1|1,0|0
15245,0|1,0|1,0|1,0|0
13491,0|2,0|0,0|1,0|0
13979,2|2,0|0,1|1,0|0
14582,0|1,0|0,1|1,0|0
10922,0|2,0|0,1|1,0|0
12960,0|0,0|0,1|1,0|0
10939,0|3,0|0,1|1,0|0
14615,1|1,0|0,1|1,0|0
10915,0|2,1|2,1|1,0|0
11400,0|0,0|0,0|1,0|0
13467,1|2,0|0,1|1,0|0
12995,1|1,0|0,0|1,0|0
10472,0|1,0|0,1|1,0|0
12979,0|1,0|0,0|1,0|0
15224,1|2,0|0,1|1,0|0
15234,1|6,0|0,1|1,0|0
15210,1|2,0|0,1|1,0|0
10456,1|1,1|1,1|1,0|0
11368,0|2,0|0,1|1,0|0
12411,0|1,0|0,0|1,0|0
13472,0|0,0|0,1|1,0|0
14602,1|2,0|0,1|1,0|0
13481,0|0,0|0,1|1,0|0
14610,0|1,1|1,1|1,0|0
4785,0|1,0|0,0|1,0|2
3437,0|3,0|0,0|1,0|1
4467,2|2,0|0,0|0,2|2
5549,0|1,0|0,0|0,1|1
5165,0|1,0|0,0|0,0|1
5920,1|3,0|1,0|0,0|1
5548,0|2,0|1,0|0,0|2
5539,0|1,1|1,0|0,1|1
4439,0|1,0|1,0|0,0|1
5556,0|3,0|0,0|0,2|2
4455,0|0,0|0,0|0,0|1
4453,2|5,0|0,0|0,1|2
3425,0|2,1|1,0|0,0|1
3776,0|1,0|0,0|1,0|2
5948,0|1,0|0,1|1,1|1
5553,0|1,1|1,0|0,0|1
3084,0|1,0|0,0|0,0|2
5523,0|3,0|0,0|0,0|1
3433,2|3,0|0,0|0,2|3
3076,2|2,0|0,1|1,0|1
3432,4|7,0|0,0|0,0|1
5542,0|4,0|0,0|0,1|1
4092,1|1,0|0,0|0,0|2
5915,3|4,0|0,0|0,2|2
5906,0|0,0|0,0|0,1|1
4804,2|2,2|2,0|0,1|1
3429,3|4,0|0,0|0,0|3
5550,1|3,0|0,0|1,0|1
4100,0|2,1|1,0|0,0|1
3082,5|6,0|0,0|0,2|2
5137,0|3,0|1,0|0,3|3
5140,0|1,0|0,0|0,1|1
4789,3|10,0|0,0|0,1|1
4807,0|3,0|0,0|0,0|3
12985,2|2,2|2,1|1,0|0
14600,2|2,0|0,1|1,0|0
14574,0|1,0|0,1|1,0|0
15219,1|1,0|1,1|1,1|1
13994,0|1,0|0,1|1,0|2
14575,1|2,0|0,1|1,0|0
12953,0|6,0|0,1|1,0|0
12380,1|1,0|0,1|1,0|0
15208,3|4,0|0,1|1,0|1
11855,0|3,0|0,2|2,0|0
20843,0|1,1|1,1|1,0|0
20143,0|3,0|0,1|1,0|1
18003,0|1,0|1,0|1,0|0
18742,0|2,0|0,0|1,1|1
21503,0|5,0|1,1|1,0|0
18695,1|1,0|0,1|1,0|0
18732,0|3,0|1,1|1,0|0
19429,2|2,0|0,1|1,1|1
18716,1|2,0|0,1|1,0|0
20831,1|3,0|1,0|1,0|0
20182,0|2,0|0,0|1,0|0
20802,0|3,0|0,0|1,0|0
15880,0|3,0|0,1|3,0|0
22185,1|3,0|0,1|1,0|0
17963,2|4,1|1,1|1,1|1
21510,0|0,0|0,0|1,0|1
17974,2|2,0|0,1|1,0|0
13986,1|2,0|0,0|0,0|0
13476,0|4,0|0,0|0,0|0
11385,0|2,0|0,0|0,0|0
13980,0|3,0|1,0|0,0|0
13983,2|2,0|0,0|0,0|0
12374,0|3,0|0,0|0,0|0
12429,0|2,0|0,1|1,1|1
14002,0|2,0|0,0|0,0|0
12996,0|4,0|0,0|0,0|0
11374,3|4,0|0,0|0,0|0
13457,0|3,0|0,0|0,0|0
14022,1|3,0|0,0|0,0|0
10946,0|1,0|0,0|0,0|0
12431,0|2,0|0,0|0,0|1
11888,0|3,0|0,0|0,0|0
15213,1|6,0|1,0|0,0|0
13451,0|1,0|0,0|0,0|0
20171,2|2,0|0,0|0,0|0
18728,1|2,0|0,0|0,0|0
21483,3|5,0|1,0|0,0|0
22174,0|1,0|0,1|1,0|0
17221,2|2,0|0,0|0,0|0
20179,0|2,1|1,0|0,0|0
20184,0|1,0|0,0|0,0|0
20829,0|2,0|0,0|0,0|0
19427,0|2,0|0,0|0,1|1
8285,2|4,0|0,0|0,0|0
6715,1|3,0|0,0|0,0|0
7462,3|3,0|0,0|0,0|0
9590,1|2,0|0,0|0,1|1
8702,0|1,0|1,0|0,0|0
6327,0|2,0|0,0|0,0|1
8273,1|3,0|0,0|0,1|1
6690,1|2,0|0,0|0,1|1
9146,2|2,0|0,0|0,0|0
8709,0|1,0|0,0|0,1|1
5520,0|4,0|0,0|0,0|0
4796,0|5,0|1,0|0,0|0
4440,3|5,0|1,0|0,1|2
2787,0|1,1|1,1|1,0|0
4457,1|2,0|0,0|0,0|0
3759,0|2,0|0,0|0,1|1
2761,1|2,0|0,0|0,1|1
5525,0|5,0|0,0|1,0|0
4463,0|8,0|0,0|0,0|0
5932,0|2,0|0,0|0,0|0
4799,0|2,0|0,0|0,0|1
4790,0|2,0|1,0|0,0|0
2781,1|3,0|0,0|0,0|0
3424,0|1,0|0,0|0,0|0
3080,1|2,0|0,0|0,0|1
5150,1|4,0|0,0|0,0|0
3073,1|2,0|0,0|0,0|1
3777,1|5,0|0,0|1,0|0
5896,2|6,0|0,0|0,1|1
5929,0|7,0|0,0|0,0|0
4813,0|4,0|0,0|0,1|1
5926,0|3,0|0,0|0,0|0
2778,0|3,0|0,0|0,0|0
3772,0|3,0|1,0|0,0|0
5544,1|4,0|0,1|1,0|0
5546,0|2,0|0,1|1,0|0
3083,1|3,0|0,0|0,0|0
4802,2|4,0|0,0|0,0|0
2768,3|4,0|2,0|1,3|4
5928,2|4,0|0,1|1,0|0
5507,2|3,1|2,0|1,0|0
5149,1|3,0|0,0|0,0|0
5148,2|5,4|5,0|0,1|1
4103,1|2,0|0,0|0,0|0
3769,1|4,0|0,0|0,0|0
4795,2|6,0|0,0|0,0|0
2441,3|5,0|0,0|0,0|0
3426,0|3,0|0,0|0,0|1
5938,0|3,0|0,0|0,0|0
6308,0|4,0|1,0|0,0|0
5918,1|3,0|1,0|1,2|3
9152,0|1,0|1,0|0,0|0
6708,0|2,0|0,0|0,1|1
7490,0|3,0|0,0|0,1|2
9588,0|2,0|0,0|0,1|1
7848,0|2,0|0,0|0,1|1
6674,0|1,0|1,0|0,0|0
7846,0|1,0|0,0|0,0|0
6723,0|1,0|0,0|0,0|0
9133,2|2,1|1,0|0,0|0
9579,0|2,0|1,0|0,0|0
9986,0|1,0|0,0|0,0|1
7062,0|2,0|0,0|0,0|0
7098,0|4,0|0,0|0,1|1
8278,0|1,1|2,0|0,0|0
6671,2|4,0|0,1|1,0|0
9163,0|1,0|0,0|0,0|0
7878,0|2,0|0,0|0,3|3
8681,1|3,0|0,0|0,3|3
9555,2|2,0|1,0|0,0|0
8700,0|4,0|0,0|0,0|0
6303,0|4,0|0,0|0,0|0
7889,0|1,0|1,0|0,0|1
8255,0|1,0|0,0|0,2|2
7867,1|4,0|1,0|0,1|1
7049,0|1,0|0,0|0,1|1
7893,0|3,0|1,0|0,0|0
8271,1|3,0|0,0|0,1|1
6660,0|3,1|1,0|0,1|1
6688,1|4,1|1,0|0,2|2
9592,0|4,0|0,0|0,0|0
7857,1|2,0|0,0|0,0|0
9582,2|3,1|1,0|0,2|2
7881,0|1,0|1,0|0,0|1
7855,0|2,0|0,0|0,0|0
8701,0|4,0|2,0|0,0|0
9966,0|2,0|0,0|0,1|1
2157,0|2,0|0,0|0,0|2
898,5|5,0|0,0|0,1|1
10000429,1|3,1|1,0|0,1|1
907,0|1,0|2,0|0,0|0
1000087,3|6,0|1,0|0,0|0
1840,1|7,0|1,0|0,0|0
21524,0|4,0|0,0|0,0|0
17240,1|4,0|0,0|0,0|0
21509,4|4,0|1,0|0,0|0
17993,2|5,1|1,0|0,0|0
17982,1|2,0|0,0|0,0|0
21528,0|4,0|1,0|0,0|1
19467,0|2,0|0,0|0,0|0
17253,1|1,0|0,0|0,1|1
19424,2|2,0|0,0|0,0|0
22187,1|1,0|0,0|0,0|0
20842,2|5,0|0,1|1,0|0
19462,0|3,0|0,0|0,0|0
21486,3|3,0|0,0|0,1|1
17984,1|1,0|0,0|0,0|0
15877,1|2,0|0,1|2,0|0
20810,2|2,0|0,0|0,0|0
17214,1|3,0|0,0|0,0|0
20834,1|5,0|0,0|0,0|0
20844,0|4,0|0,0|0,0|0
17996,1|2,0|0,0|0,0|0
20841,0|6,0|0,0|0,0|0
17972,3|3,0|0,0|0,0|0
3422,3|3,0|0,0|0,0|0
5890,3|4,0|2,0|0,1|1
2789,0|1,1|1,0|0,1|1
3766,2|4,1|1,0|0,0|1
3444,0|1,0|0,1|1,0|1
5517,0|5,0|0,0|0,0|0
5935,2|5,0|0,0|0,2|2
5893,0|3,0|0,0|0,0|0
3440,0|2,0|1,0|0,0|1
4800,1|4,0|1,0|0,0|0
3430,2|4,0|0,1|1,0|0
14573,0|1,0|0,0|1,0|0
11397,1|1,0|0,0|0,0|0
11386,1|4,0|0,0|0,0|0
14016,1|3,0|0,0|0,0|0
12394,1|2,0|0,0|0,0|1
14609,0|2,0|0,0|0,0|0
13978,2|3,1|1,0|0,0|0
11859,1|3,0|1,0|0,1|1
15201,5|5,1|1,0|0,0|0
11408,2|6,0|0,0|0,0|0
12419,0|3,0|1,0|0,0|0
15248,2|4,0|1,0|0,0|0
14566,4|6,0|0,0|0,0|1
6663,0|2,0|0,0|0,0|0
9560,3|4,0|0,0|0,0|0
9143,2|2,0|0,0|0,0|0
8683,1|3,0|0,0|0,0|0
9570,0|4,0|1,0|0,0|0
8274,2|2,0|0,0|0,0|0
9992,0|1,0|0,0|0,1|1
9982,3|4,0|0,0|0,0|0
7484,0|2,0|0,0|0,0|1
7480,3|5,0|1,0|0,0|0
6696,0|1,0|1,0|0,0|0
9995,0|1,0|2,0|0,0|0
6720,1|1,0|1,0|0,2|2
7054,0|4,0|1,1|1,1|1
9563,0|0,0|2,0|0,1|1
7078,2|2,0|1,0|0,1|1
551,1|3,0|1,0|1,0|1
1000036,3|6,0|0,1|1,0|2
10000507,3|3,1|1,1|1,0|0
1556,2|3,0|0,0|1,0|0
1247,3|4,0|0,0|1,0|0
885,0|6,0|0,0|2,0|1
2472,2|3,0|2,0|1,0|0
538,1|1,0|0,1|1,3|3
2448,7|7,0|1,1|1,0|0
1000081,3|5,1|1,1|1,0|0
6682,0|3,0|0,0|0,0|1
6320,1|2,0|0,0|0,0|0
7891,0|2,0|0,0|0,0|0
9153,0|1,0|0,0|0,0|0
7499,0|2,0|0,0|0,0|0
7870,2|2,0|0,0|0,0|0
7489,1|2,0|0,0|0,0|0
9158,0|2,0|1,0|0,1|1
6678,0|3,0|1,0|0,0|1
7476,0|2,0|0,0|0,0|1
6294,1|6,0|0,0|0,1|1
9585,0|3,0|1,0|0,0|1
7479,1|3,0|0,0|0,1|1
9968,0|2,0|0,0|0,0|0
9979,0|4,0|1,0|0,0|1
7483,1|2,0|0,0|0,1|2
11388,0|0,0|0,0|1,0|0
15206,4|6,1|1,1|1,0|1
13992,1|1,0|0,1|1,0|0
13455,0|0,0|1,1|1,0|0
14594,0|1,0|0,1|1,0|0
2141,4|4,1|2,0|0,2|2
1562,4|4,1|1,0|1,1|2
904,1|6,0|1,0|0,1|1
10000536,1|2,1|1,0|0,0|2
525,1|3,0|0,0|0,1|1
1234,1|3,0|1,0|0,1|2
15235,1|2,0|1,0|0,0|1
10439,0|2,0|0,0|0,0|1
15223,0|1,0|0,0|0,0|1
10442,1|1,0|0,0|0,2|2
13470,0|1,0|1,0|0,0|1
12416,1|3,0|0,0|0,0|2
13453,0|1,0|0,0|0,0|1
12385,0|0,0|0,0|0,0|1
7493,0|0,0|0,0|0,1|1
9978,0|1,0|0,0|0,1|1
7075,0|1,0|0,0|0,1|1
9591,0|1,0|0,0|0,0|2
8707,0|1,0|0,0|0,1|1
7094,0|1,0|0,0|0,4|5
14019,0|1,1|1,0|1,0|0
12423,0|1,0|0,0|1,0|0
11398,0|2,0|1,2|2,0|0
14025,0|1,0|0,1|1,0|0
14581,1|2,1|1,1|1,0|0
11377,1|2,0|0,1|1,0|1
5555,0|3,0|0,0|1,1|1
4084,4|4,2|2,1|1,0|0
5922,1|4,0|0,1|1,0|0
5904,0|0,0|0,0|1,1|1
13463,1|2,1|1,0|0,1|1
12415,0|3,0|0,0|0,0|0
12984,1|2,0|0,0|0,0|0
12974,2|3,0|0,0|0,0|0
10466,2|4,1|1,0|0,0|0
10000399,3|4,3|5,0|0,0|0
1848,1|1,0|2,0|0,0|0
2456,6|7,0|0,0|0,0|1
550,2|2,1|2,0|0,0|1
536,6|6,0|0,0|0,0|0
2446,4|5,0|0,0|0,0|2
1862,2|3,0|1,0|0,0|0
10000312,5|7,0|2,0|0,0|2
1561,4|4,2|2,0|0,0|0
21500,0|1,0|0,0|0,0|0
21512,0|2,0|1,0|0,0|0
18737,2|4,0|0,1|1,0|0
19447,3|4,0|0,0|0,0|0
5921,1|4,0|0,0|1,0|0
4464,2|4,0|1,0|0,0|0
5551,0|4,0|1,0|1,0|0
4085,1|4,0|1,0|0,0|0
4088,0|0,0|0,1|1,0|0
4089,3|3,0|0,1|1,1|1
3781,0|4,0|0,0|1,0|0
3075,2|2,1|1,0|0,0|0
5917,2|3,0|0,0|0,0|0
5940,0|4,0|1,0|0,0|1
2772,1|4,1|3,0|1,3|4
5924,0|7,0|0,0|0,0|0
4448,1|1,2|2,0|0,0|0
5905,1|4,0|0,0|0,0|0
4451,1|3,0|0,0|0,0|0
5909,0|4,0|0,0|0,0|0
5899,2|2,0|0,1|1,0|0
4091,2|5,0|0,0|0,1|1
2769,3|3,2|2,0|1,2|5
3782,3|4,1|1,0|0,0|0
4099,1|3,0|0,0|0,0|0
14606,0|1,0|0,0|0,0|0
15238,0|2,0|0,0|0,0|0
14586,1|2,0|0,0|0,0|0
14584,0|3,0|0,0|0,1|1
12945,0|2,0|0,0|0,0|1
11389,6|6,0|0,0|0,0|0
10934,0|3,0|0,0|0,0|1
11887,0|3,0|0,0|0,0|0
11850,1|2,0|0,0|0,0|0
14611,0|2,1|1,0|0,0|0
12432,0|4,0|0,0|0,0|1
11395,1|1,0|0,0|0,0|0
22163,0|2,0|0,0|0,1|1
18704,1|2,0|0,0|0,0|0
18701,1|1,0|0,0|0,1|1
15202,3|4,0|0,0|0,0|0
16526,2|2,0|0,0|0,0|0
16529,1|3,0|0,0|0,0|0
22160,0|2,0|0,1|1,2|3
17961,3|3,0|0,0|0,0|0
20194,1|4,0|0,0|0,0|1
16561,2|2,0|0,0|0,0|3
21477,0|2,0|0,0|0,0|0
20155,2|2,0|0,0|0,0|0
17243,1|2,0|1,0|0,1|1
20150,2|3,0|0,0|0,0|0
22184,0|5,0|0,0|0,0|0
20826,5|5,0|1,0|0,0|0
7492,2|3,0|0,0|0,0|0
7888,0|4,0|0,0|0,0|0
6714,0|1,0|0,0|0,0|1
9969,1|1,0|0,0|0,1|2
7879,0|2,0|0,0|0,0|0
7486,1|1,0|0,0|0,0|1
9155,0|1,1|1,0|0,1|2
7456,1|3,0|0,0|0,1|1
7100,0|2,0|0,0|0,1|1
9564,1|2,0|1,0|0,1|1
7876,1|1,0|2,0|0,0|0
9139,0|3,0|0,0|0,0|0
7103,0|2,0|0,0|0,0|1
10000484,4|7,2|2,0|0,0|0
1860,1|4,0|0,0|0,0|0
1537,2|6,0|0,0|0,0|0
2152,4|5,0|0,1|1,0|0
10000508,6|6,0|0,0|0,1|1
1250,0|2,0|0,0|0,0|1
2159,2|4,0|0,0|0,0|0
1249,6|7,1|1,0|1,0|2
883,2|3,0|1,0|0,0|0
1230,1|2,0|0,0|0,0|0
889,2|4,0|0,0|0,0|1
10000711,3|3,0|0,0|1,0|0
10000898,3|3,0|0,0|0,0|0
2165,2|4,0|0,0|0,1|1
2168,2|5,0|0,0|0,0|0
10000574,7|7,1|1,0|0,0|0
910,2|3,1|1,0|0,0|1
912,2|4,0|2,0|0,0|0
532,1|4,0|2,0|0,0|1
524,0|1,0|1,0|0,0|2
10000552,8|9,0|1,0|0,0|0
1547,2|2,1|1,0|0,1|2
10000698,1|5,1|1,0|0,0|0
10000677,9|9,0|0,0|0,0|0
6286,0|1,0|1,0|0,0|0
6290,1|1,0|1,1|1,0|0
9583,0|3,0|0,0|0,1|1
7091,0|2,0|0,0|0,1|1
9144,3|4,0|0,0|0,1|1
6709,1|2,0|1,0|0,0|0
7481,0|1,0|0,0|0,0|0
8699,1|3,0|0,1|1,1|1
2452,5|7,0|0,0|0,0|0
1538,3|3,0|0,0|0,1|2
10000901,2|3,1|1,0|1,0|0
10000850,4|4,1|1,0|0,1|1
1846,1|1,0|0,0|0,2|2
10000523,5|5,1|1,0|0,0|0
540,1|5,0|1,0|0,0|0
9140,0|1,0|0,0|0,1|1
9584,0|1,0|0,0|0,0|0
6312,1|2,0|0,0|0,1|1
9571,0|3,0|0,1|1,0|0
7046,1|2,0|0,0|0,2|2
7847,3|4,0|0,0|0,1|1
8687,2|2,0|0,0|0,0|0
8265,2|3,0|0,0|0,0|0
7081,0|1,0|0,0|0,0|1
7460,0|3,0|0,0|0,2|2
6699,0|2,0|2,0|0,1|1
7087,0|2,0|0,0|0,0|2
7890,0|3,0|1,0|0,0|0
9577,0|4,0|0,0|0,1|1
7461,0|2,0|0,0|0,0|0
7839,0|3,0|0,0|0,2|2
7071,0|2,0|0,0|0,0|1
19456,0|3,0|0,0|0,0|0
17973,3|3,0|0,0|0,0|0
22180,0|5,0|1,1|1,0|1
16538,1|4,0|0,0|0,0|0
20180,2|6,0|0,0|0,0|0
17968,2|3,1|1,1|1,1|1
20845,1|2,0|0,0|0,0|0
17953,1|3,0|0,1|1,1|1
521,3|4,1|1,0|0,1|1
2140,1|2,0|0,0|0,0|0
1534,3|3,1|1,0|0,0|0
2160,3|4,0|0,0|0,0|0
1242,2|2,0|1,0|0,0|0
2153,3|6,0|1,0|0,0|0
10000781,3|4,0|0,0|0,0|1
2771,0|2,0|2,0|1,2|4
2773,2|4,2|3,0|1,3|4
5156,1|2,0|0,0|0,0|0
4094,0|4,1|2,0|0,0|0
4784,1|5,0|0,0|0,0|1
8270,0|3,0|0,0|0,0|0
9132,0|1,0|0,0|0,0|0
8680,4|4,0|0,0|0,1|1
6283,3|5,1|1,0|0,2|3
8685,2|2,0|1,0|0,0|0
7083,0|1,0|0,0|0,1|2
7859,1|2,0|0,0|0,0|0
6285,0|2,1|1,0|0,0|0
7048,2|3,0|1,0|0,1|1
6318,0|1,0|0,0|0,0|0
7047,1|1,0|0,1|1,0|0
7076,0|1,0|0,1|1,0|0
7487,0|1,0|0,0|0,1|1
9567,1|1,0|0,0|0,0|0
4461,0|4,0|0,0|1,0|0
5142,0|4,0|0,0|0,0|0
3767,0|2,0|0,0|0,0|0
5133,5|5,1|1,0|0,1|1
5900,0|3,0|0,0|0,0|0
6677,1|2,0|0,0|0,0|0
7865,1|2,0|0,0|0,0|0
6296,0|2,0|0,0|0,0|0
9972,3|3,0|0,0|0,2|2
6265,1|3,1|1,0|0,2|3
18714,2|2,0|0,0|0,0|0
18715,0|2,0|0,0|0,0|0
21498,0|3,0|0,0|0,0|0
16532,3|3,0|1,0|0,1|1
20816,0|3,0|0,0|0,1|1
22193,0|2,1|2,0|0,0|0
6657,0|3,0|0,0|0,1|1
8716,1|2,0|0,0|0,0|0
9991,1|3,0|0,0|0,0|0
6309,2|2,0|0,0|0,0|0
9993,0|1,0|0,0|0,0|0
7056,2|2,0|0,1|1,0|0
6280,4|8,0|1,0|0,2|2
8250,0|2,0|0,0|0,0|0
6679,0|3,0|0,0|0,0|0
9157,1|2,0|0,0|0,0|0
7088,0|2,0|0,0|0,1|1
7066,3|3,0|0,0|0,0|0
6305,0|1,0|0,0|0,2|2
6681,1|5,0|1,0|0,0|1
9996,0|1,0|0,0|0,0|0
4098,1|1,0|0,0|1,1|1
4460,2|2,0|0,0|1,1|1
2780,0|0,1|1,0|0,1|1
5141,1|1,0|0,0|0,1|1
5910,0|2,0|0,0|1,0|3
2145,2|3,0|0,0|0,0|4
10000435,1|4,1|1,0|0,0|2
896,1|3,1|1,0|0,0|1
891,3|5,1|2,0|0,0|1
1228,2|3,0|0,0|0,0|1
1000059,3|4,1|1,0|0,2|2
10000327,5|5,1|1,0|0,1|2
10000683,0|4,1|1,0|0,0|1
19450,0|1,0|0,0|0,0|1
16539,1|5,0|0,0|0,0|0
16562,0|2,0|0,0|0,0|1
20805,0|2,0|0,0|0,0|0
10000300,1|3,1|2,0|0,0|1
523,2|2,2|2,1|1,0|0
10000286,0|1,1|3,0|0,1|1
1245,0|1,0|3,0|0,0|1
2143,3|3,1|1,0|0,0|0
1229,2|3,1|1,0|0,1|1
1853,1|3,0|2,0|0,0|0
2463,4|4,1|1,0|0,1|1
2162,2|2,4|4,0|0,0|0
22202,1|2,0|0,0|0,0|1
19423,1|2,0|0,0|0,0|0
19437,1|2,0|0,0|0,0|0
20168,0|3,0|1,0|1,0|0
15857,1|2,0|0,0|0,0|0
18007,1|2,0|0,0|0,0|0
17991,1|2,0|0,0|0,0|0
17215,1|2,0|0,0|0,0|0
20175,1|2,0|1,0|0,0|0
22198,0|2,0|0,0|0,0|1
18694,1|1,0|0,0|0,1|1
15864,3|4,0|1,3|3,0|5
20812,2|5,0|0,0|0,0|0
15899,2|4,0|1,0|1,0|0
22164,3|6,0|0,0|0,0|0
17980,1|3,0|1,0|0,0|0
22177,1|3,0|0,1|1,0|0
21482,2|2,0|0,0|0,0|0
15901,1|2,0|0,0|1,0|1
8277,0|2,0|0,0|0,1|1
7085,0|3,0|0,0|0,0|0
6298,2|2,0|0,0|0,0|0
6282,5|6,1|2,0|0,2|3
2459,2|4,0|1,1|1,0|1
2166,3|3,1|1,0|0,0|0
2148,4|4,0|0,0|0,0|0
2444,1|2,0|1,0|0,0|0
20181,5|5,0|0,0|0,1|1
22201,0|1,0|0,0|0,0|0
20837,0|2,0|0,0|0,0|0
22171,0|2,0|0,0|0,0|1
17988,3|3,1|1,0|0,2|2
20191,0|4,0|0,0|0,0|0
22173,2|2,0|0,0|0,0|0
21479,2|3,0|0,0|0,0|0
18727,0|1,0|0,0|0,0|0
20192,1|2,0|0,0|0,2|2
17987,0|6,0|0,0|1,0|1
16544,2|2,0|0,0|0,0|0
12381,0|4,0|0,0|0,0|0
13996,1|2,0|1,0|0,0|1
10935,1|3,0|0,0|0,0|0
14614,0|2,0|0,0|0,1|1
12401,3|4,0|0,0|0,0|1
5894,1|3,0|1,0|0,0|0
5136,2|2,0|0,0|0,1|1
3085,3|3,0|0,0|0,0|0
3445,0|2,0|0,0|0,0|0
6670,0|1,0|1,0|0,0|0
7892,1|2,0|0,0|0,1|1
7067,0|1,0|0,0|0,0|0
6717,0|1,0|0,0|0,0|0
7465,1|1,0|0,0|0,0|0
8688,0|1,0|0,0|0,0|1
9161,0|1,0|0,0|0,0|0
6295,1|1,1|1,0|0,0|0
4798,0|4,0|0,0|0,0|0
4797,2|2,0|0,0|0,0|0
5923,0|1,0|0,1|1,0|0
4442,1|6,0|1,0|0,0|0
2759,4|4,0|0,0|0,1|1
4788,2|2,0|0,1|1,0|0
5158,2|2,1|1,0|0,0|0
7841,0|0,1|1,0|0,2|2
9975,1|1,0|0,0|0,3|3
7875,1|1,0|1,0|0,0|1
8253,2|2,0|0,0|0,1|1
8244,2|3,0|0,0|0,1|1
6277,3|4,1|1,0|0,2|2
9580,0|1,0|0,0|0,0|0
10000985,3|5,0|0,0|0,0|1
1236,1|4,0|0,0|0,0|0
16560,0|0,0|0,0|0,1|1
20801,0|0,0|2,0|0,0|1
16553,0|3,0|0,0|0,1|1
21508,0|3,0|1,0|0,0|2
18736,0|1,0|0,0|0,0|1
10477,0|2,0|0,0|0,0|0
13468,0|3,0|0,0|0,0|0
12948,0|2,1|1,0|0,0|0
10471,1|5,0|0,0|1,0|0
10921,0|3,0|0,0|0,0|0
12403,0|1,0|0,0|0,0|0
12980,1|4,0|0,0|0,0|1
11376,2|2,0|0,0|0,0|0
12395,0|1,0|0,0|0,0|0
15233,1|3,0|0,0|0,0|0
12412,1|3,0|0,0|0,0|0
12387,1|3,0|0,0|0,0|0
11375,1|1,0|0,0|0,0|0
10000570,8|8,0|0,0|1,0|0
10000209,2|7,1|1,0|3,3|4
884,2|2,0|0,0|1,1|1
2460,0|6,0|0,0|1,0|1
6311,2|2,1|1,0|0,0|0
8705,1|1,1|1,0|0,0|0
7457,0|2,0|0,0|0,2|2
9999,1|3,0|0,0|0,2|3
9559,1|3,0|0,0|0,1|1
19451,1|3,0|0,0|0,0|0
20825,0|3,0|1,0|0,0|0
19448,1|4,0|0,0|0,0|0
18723,0|2,0|0,0|0,1|1
20162,0|3,1|1,0|0,0|0
20154,0|2,0|0,1|1,0|0
15973,6|6,0|0,0|0,1|1
16531,0|1,0|0,0|0,0|0
19455,0|1,0|0,0|0,0|1
19425,3|3,0|0,0|0,1|1
17955,2|4,1|1,0|0,0|0
20833,0|2,1|1,0|1,0|1
22189,1|3,0|0,0|0,0|1
17225,0|1,0|0,0|0,0|0
5937,0|1,0|0,0|0,0|0
3087,0|2,0|1,0|0,0|2
5164,2|5,0|0,0|0,0|2
8686,2|2,0|1,0|0,3|3
7495,0|0,0|1,0|0,0|0
6667,0|0,0|1,0|0,0|0
3760,1|4,0|2,0|0,0|0
2767,5|5,1|3,0|2,3|5
5939,1|2,0|2,0|0,0|0
2760,1|1,1|1,0|0,0|0
3758,1|1,1|1,0|0,1|1
8710,0|0,0|2,0|0,0|0
6659,1|1,0|1,0|0,0|0
9973,0|2,0|1,0|0,0|0
11846,0|3,0|1,0|0,0|1
15229,0|1,0|1,0|0,0|0
13483,1|3,0|1,0|0,0|0
12955,1|1,1|1,0|0,0|0
14595,0|1,0|1,0|0,0|0
12959,1|1,0|1,0|0,1|1
1233,2|3,1|2,0|0,0|0
2450,3|3,1|1,0|0,0|1
10000426,3|3,3|3,0|0,0|0
897,2|2,1|1,0|0,0|1
1000025,1|1,0|1,0|0,0|0
1560,0|1,0|1,0|0,0|0
12375,0|0,0|1,0|0,0|0
12963,0|1,1|1,0|0,0|0
12942,0|1,0|1,0|0,0|0
10443,2|2,1|1,0|0,0|0
14599,1|1,1|1,0|0,0|0
6319,0|0,0|1,0|0,0|0
6669,0|0,0|1,0|0,0|0
7887,0|0,1|1,1|1,0|0
7442,0|1,0|2,0|0,1|1
19433,1|1,0|0,1|1,0|0
18719,0|2,0|0,1|1,1|1
18005,1|3,0|0,1|1,0|0
7097,1|3,0|0,0|0,0|0
7077,0|1,0|0,0|0,0|0
7856,0|1,0|0,0|0,1|1
6288,0|1,1|1,0|0,0|1
7453,0|1,0|0,0|0,1|2
6719,0|1,0|0,0|0,0|0
7498,1|1,0|0,0|0,1|1
7104,0|2,0|0,0|0,0|1
9994,0|2,0|1,0|0,1|2
6281,3|5,0|1,0|0,2|2
6684,1|1,0|0,0|0,0|0
7451,2|2,0|0,0|0,2|2
7092,0|4,0|1,0|0,0|0
9561,0|2,0|0,0|0,0|0
7446,0|1,0|0,0|0,0|0
8281,0|3,0|0,0|0,0|0
7894,0|1,0|0,0|0,0|1
7070,0|1,0|0,0|0,2|3
7851,0|1,0|0,0|0,0|1
8284,1|1,0|0,0|0,1|1
6287,0|2,0|1,0|0,0|1
7869,0|1,0|0,0|0,0|2
6321,0|0,0|0,0|0,1|2
8704,0|0,0|0,0|0,2|2
9983,0|1,0|1,0|0,1|2
7482,1|1,0|0,0|0,1|1
7468,2|3,0|0,0|0,2|2
17983,1|1,0|0,0|0,0|1
17244,0|3,0|0,0|0,0|1
19442,1|1,0|0,0|0,1|1
20176,2|4,0|0,0|0,0|1
19469,0|0,1|1,0|0,1|1
18711,1|3,1|1,0|0,1|1
18744,2|2,0|0,0|0,0|1
20170,0|0,0|0,0|0,0|1
18731,1|2,0|0,0|0,1|1
15897,0|0,0|0,0|1,0|2
8692,0|1,0|0,0|0,1|1
9151,1|2,0|0,0|0,0|0
6266,2|4,1|1,0|0,2|4
10000462,1|2,1|2,0|1,0|0
2468,1|1,0|0,0|0,0|0
887,3|3,0|0,0|1,0|0
1238,0|3,0|0,0|0,0|1
1548,2|3,1|2,0|0,0|0
10000679,2|3,0|0,0|0,0|2
10000245,0|5,1|1,2|2,2|4
10000624,2|2,0|0,0|0,0|0
10000828,4|4,0|0,0|0,0|0
2464,3|3,0|0,0|0,1|1
8689,1|2,0|0,0|0,0|0
7501,1|1,1|1,0|0,0|0
6299,0|1,0|1,0|0,1|1
7884,1|4,0|0,0|0,2|2
7102,1|2,0|0,0|0,0|0
8258,1|3,0|0,0|0,1|1
8276,0|3,0|0,0|0,0|0
9566,0|1,0|0,0|0,0|0
9136,2|2,1|1,0|0,1|1
7086,1|2,0|0,0|0,0|0
7053,0|2,0|0,0|0,0|0
7463,1|3,0|0,0|0,0|0
5945,1|3,0|0,0|0,0|0
4083,1|1,0|0,0|0,0|1
5532,1|3,0|0,0|0,0|0
5151,1|4,1|1,0|1,0|0
4787,1|3,0|0,0|0,0|0
5521,2|2,0|0,0|0,1|1
3763,1|1,0|0,0|0,0|0
4791,0|1,0|0,0|0,0|0
1544,1|2,1|1,0|0,0|0
10000493,2|2,0|0,0|0,0|2
1536,4|5,0|1,0|0,0|2
10000883,4|4,0|0,0|0,0|0
1559,2|3,0|0,0|0,0|2
1552,3|6,0|0,0|0,1|1
495,2|4,0|1,0|0,0|0
1542,2|2,1|2,0|0,0|0
10000114,4|6,1|1,2|4,4|5
1843,4|4,1|1,0|0,0|0
1232,3|3,0|0,0|0,0|0
1243,3|3,0|2,0|0,0|1
529,2|5,0|0,0|0,0|0
1851,2|3,1|1,0|0,0|0
10000789,3|3,0|0,0|0,2|2
440,2|2,2|2,0|0,0|0
2453,4|4,1|1,0|0,0|0
549,4|5,0|0,0|0,0|0
1553,1|4,0|0,0|0,0|0
10000108,1|2,1|2,0|0,1|2
10000900,4|4,1|1,0|0,1|1
1533,3|4,0|1,0|0,1|1
7853,0|0,0|1,0|0,0|0
8266,1|1,1|1,0|0,0|0
8264,0|2,0|1,0|0,1|2
10000,2|2,1|2,0|0,0|0
9593,0|1,0|1,0|0,0|1
4793,1|1,1|1,0|0,0|0
3778,0|1,1|1,0|0,0|0
2782,2|2,0|0,1|1,0|0
5545,0|3,0|0,0|1,0|0
3443,2|3,0|0,0|1,0|0
3423,0|4,0|0,0|1,0|0
20846,1|3,0|1,0|0,0|0
16536,0|1,0|0,0|0,0|1
18743,0|4,0|0,0|0,0|1
17958,3|3,0|0,0|0,0|0
20806,1|3,0|0,0|1,0|0
16530,2|2,0|0,0|0,0|0
17231,0|1,1|1,0|0,0|1
15862,1|2,0|1,3|4,1|5
19440,1|1,0|0,0|0,0|2
20824,1|1,0|1,0|0,0|1
19426,0|0,1|1,0|0,0|1
5515,0|0,0|1,0|1,1|1
3428,1|2,0|0,0|0,1|1
5913,0|0,0|1,0|0,0|1
4812,1|4,0|0,0|0,1|1
7458,0|2,0|0,0|0,0|0
12962,1|5,0|0,1|1,0|0
14005,2|2,0|0,0|0,1|1
12977,0|1,0|0,0|0,0|0
12391,1|4,0|0,0|0,0|0
11849,1|1,0|0,0|0,0|0
9965,0|1,1|1,0|0,1|1
6703,0|0,0|0,0|0,1|1
8693,0|0,0|0,0|0,3|3
6315,0|1,0|0,0|0,0|1
9989,0|5,0|0,0|0,1|1
12988,0|1,0|0,0|0,0|0
12970,0|2,0|0,0|0,0|0
10440,0|5,0|0,0|0,0|0
15203,1|2,0|0,0|0,0|0
12382,1|2,0|0,0|0,0|0
10938,0|2,0|0,0|0,0|0
2776,2|4,0|2,0|1,0|1
3771,0|4,0|0,0|0,0|1
5936,0|2,0|1,0|0,1|2
5144,0|0,0|0,0|1,0|2
6662,1|1,0|0,0|0,0|0
22191,0|0,1|1,0|0,1|1
18706,0|3,0|1,0|0,1|1
21506,0|3,0|0,0|0,0|2
21497,0|4,0|0,0|0,0|1
17232,0|0,0|0,0|0,0|1
2765,1|2,1|2,0|2,4|5
2784,0|3,0|0,0|0,0|0
14565,1|2,0|0,0|0,0|0
10473,1|2,0|0,0|0,0|0
13993,0|3,0|0,0|0,0|0
12421,0|1,0|0,0|0,0|0
2758,2|2,0|0,0|0,1|1
5159,0|1,0|1,0|0,1|2
5161,0|2,0|0,0|0,0|0
3074,2|3,0|1,0|0,0|0
10942,0|0,2|2,0|0,1|1
10944,0|1,0|0,0|0,1|1
10449,0|3,0|0,1|3,0|1
12978,0|1,0|0,0|0,1|1
5509,0|2,0|1,0|0,0|1
3764,1|2,0|0,0|1,0|0
4444,3|4,0|0,0|0,0|2
7068,0|2,0|0,0|0,1|1
8249,0|1,0|0,0|0,0|0
9154,0|2,0|0,0|0,0|0
10000550,1|2,3|3,0|0,0|1
10000871,3|3,0|1,0|0,0|0
488,5|5,0|0,0|0,0|1
6694,0|2,1|1,0|0,0|0
9990,0|1,0|0,0|0,1|1
9581,0|2,0|0,0|0,0|1
20148,1|3,0|1,0|0,0|1
17223,0|0,0|2,0|0,0|0
18741,0|1,2|2,0|0,0|0
18693,2|4,0|1,0|0,1|1
22179,0|5,0|1,0|1,0|1
10000418,3|4,2|2,0|0,0|0
1550,2|2,0|0,0|0,0|0
1839,2|4,0|1,0|0,1|1
544,2|3,0|0,0|0,0|1
1231,4|5,0|1,0|0,0|0
1235,0|7,0|0,0|0,0|0
2161,3|6,0|2,0|0,1|2
1545,0|2,0|2,0|0,0|0
900,1|4,0|0,0|0,0|0
2155,1|4,0|0,0|0,0|0
899,3|3,2|2,0|0,0|0
2455,1|3,0|0,0|0,0|2
908,3|4,0|1,0|0,0|0
1000082,2|2,0|0,0|0,1|1
2151,2|3,1|1,0|0,0|0
10000893,2|3,0|1,0|0,0|1
10000363,4|4,1|2,0|0,0|1
10000597,3|4,0|0,0|0,0|2
10000491,4|4,1|1,0|0,0|0
17239,0|1,0|0,0|0,0|0
22186,0|1,0|0,0|0,1|1
20830,0|1,0|1,0|0,0|1
21492,1|2,0|0,0|0,0|0
16570,0|2,0|2,0|0,0|0
15894,0|1,0|0,0|2,0|0
17237,0|1,1|1,0|0,0|0
22194,0|0,0|1,0|0,0|0
15885,0|0,1|1,1|2,1|1
17216,0|1,1|2,1|1,0|0
19444,1|1,1|1,1|1,0|0
15879,1|2,0|1,1|2,0|0
21489,0|3,0|1,0|0,0|0
19446,2|3,1|1,0|0,0|0
16546,0|0,1|1,0|0,0|0
15861,0|1,1|1,0|0,0|0
16528,0|0,0|1,0|0,0|0
17950,4|4,2|2,0|0,0|0
20197,0|2,1|2,0|1,0|0
20147,1|1,1|1,0|0,0|0
20804,0|1,0|1,0|0,0|0
18006,0|1,1|1,0|0,0|0
20185,1|2,0|1,0|0,0|0
20815,0|2,1|1,0|0,0|0
21491,1|1,1|1,0|0,0|0
20809,1|1,0|2,0|0,0|0
16537,1|3,0|1,0|0,0|0
17250,0|0,1|1,0|0,0|0
21481,1|1,1|1,0|0,0|0
20813,0|0,0|1,1|1,0|0
17249,0|4,0|1,0|0,0|0
18699,1|1,1|1,0|0,0|0
16548,1|3,1|1,0|0,1|1
15887,0|3,0|1,0|2,0|0
17992,1|2,0|1,0|0,0|0
17994,0|3,0|1,0|0,0|0
20839,0|2,1|1,0|0,0|0
20152,0|0,0|1,0|0,0|0
16550,0|1,0|2,0|0,0|0
19463,0|1,1|1,0|0,0|0
20807,0|3,0|1,0|0,0|0
15898,2|2,1|1,0|1,1|1
15865,1|3,1|2,1|3,2|3
17966,1|1,1|1,0|0,0|0
17257,0|0,0|1,0|0,1|1
17235,0|0,0|1,0|0,0|0
20146,0|4,0|1,0|0,0|0
19431,0|1,1|1,0|0,0|0
17247,2|3,0|1,0|0,0|0
15207,0|1,1|1,0|0,0|0
13438,2|2,1|1,0|0,1|1
14588,1|3,0|2,0|0,0|0
10913,1|3,1|1,0|0,0|0
13478,0|5,0|1,0|1,0|0
11402,0|1,1|1,0|0,0|0
12954,0|0,1|1,0|0,0|0
14613,2|2,1|1,0|0,0|0
13444,0|3,1|1,0|0,0|0
10951,0|0,0|1,0|1,0|0
15249,1|2,1|1,0|0,0|0
12971,1|2,0|1,0|0,0|0
10451,1|3,1|1,2|3,1|1
13975,0|1,1|2,0|0,0|0
12410,0|2,0|1,0|0,0|0
12383,1|3,1|3,0|0,0|0
13464,0|1,0|1,0|0,0|0
11413,0|1,1|1,0|0,0|0
11885,0|1,1|1,0|0,1|1
11394,0|0,0|1,0|0,0|0
11390,1|1,2|2,0|0,0|0
13987,0|2,1|1,0|0,0|0
13452,0|2,1|1,0|0,0|0
12388,0|0,0|1,0|0,0|0
11384,0|1,1|1,0|0,0|0
13977,1|1,0|1,0|0,0|0
15212,3|3,1|1,0|0,0|0
14578,1|1,2|2,0|0,0|0
13440,0|2,0|1,0|0,0|0
3442,0|3,1|2,0|0,1|1
2788,0|0,1|1,0|0,0|0
3095,1|1,1|1,0|0,0|1
5889,0|3,0|1,0|0,0|0
5916,0|1,1|1,1|1,1|1
5518,0|1,1|1,0|0,0|0
7096,1|1,1|1,0|0,0|0
6685,2|2,1|1,0|0,0|0
8682,0|2,1|1,0|0,0|0
6704,0|1,1|1,0|0,1|1
7854,0|1,0|1,0|0,0|0
8684,1|2,1|1,0|0,0|0
9557,0|1,1|1,1|1,1|1
7474,0|0,0|1,0|0,0|0
8280,0|0,1|2,0|0,1|1
6284,0|1,1|2,0|0,0|1
7885,0|1,0|1,0|0,0|0
902,0|2,1|2,0|0,0|0
2149,2|3,2|2,0|0,0|0
10000775,1|1,1|1,0|0,0|0
1844,2|2,1|2,0|0,0|0
1227,1|1,1|1,0|0,0|0
2465,1|2,1|1,0|0,0|0
2447,1|1,0|1,0|0,0|1
906,1|2,1|1,0|0,0|0
185,1|1,1|1,0|0,0|0
10000986,2|3,1|1,0|0,2|2
2440,1|2,1|1,0|0,0|0
10000853,2|2,1|1,0|0,0|0
10000367,3|3,2|2,0|0,0|1
2142,0|1,1|1,0|0,0|1
1237,1|3,0|2,0|0,0|0
4101,1|4,0|0,0|1,0|0
4450,1|5,0|0,0|1,0|0
5914,0|2,0|0,0|0,0|0
3765,0|3,0|1,0|0,0|0
3779,2|3,0|0,0|0,0|0
5153,0|2,0|0,0|0,1|1
14580,0|3,0|0,0|0,0|0
12409,3|5,0|0,0|0,0|0
11883,0|2,0|0,0|0,0|1
7069,0|2,0|0,0|0,1|1
7488,0|1,0|0,0|1,0|0
9162,0|1,0|0,0|0,0|0
8261,1|3,0|0,0|0,0|0
13439,1|1,0|1,0|0,0|0
11371,1|2,0|0,0|0,0|0
12983,0|3,1|1,0|0,0|0
12398,0|3,0|0,0|0,0|0
11415,0|1,0|0,0|0,0|0
15241,4|4,0|0,0|0,0|0
13454,0|2,0|0,0|0,0|0
14604,1|2,0|0,0|0,0|0
12379,2|4,0|0,0|0,0|0
11840,0|2,0|0,0|0,0|1
21522,1|2,0|0,0|0,0|0
18709,1|1,1|1,0|0,0|0
19439,1|2,0|0,0|0,0|0
15855,2|3,0|0,1|1,0|0
16547,0|4,0|0,0|0,0|0
19441,0|1,0|0,0|0,0|0
1240,0|1,0|0,0|0,0|1
534,2|2,0|0,0|0,0|1
10000882,1|3,0|0,0|0,0|1
10000916,0|0,0|0,0|0,0|1
1857,1|2,0|1,0|0,0|1
2154,0|1,0|0,0|1,1|3
10000389,3|3,2|2,0|0,0|2
2139,0|1,0|0,0|0,0|1
886,0|1,0|0,0|0,0|1
10000939,2|3,0|0,1|1,1|2
2454,0|2,0|0,0|0,1|1
1551,1|2,0|1,0|0,0|2
10000946,3|3,1|1,0|0,0|2
10000155,4|5,3|3,3|4,2|7
10000412,0|0,1|2,0|0,0|2
14571,0|0,0|0,1|1,0|0
12986,0|0,0|0,1|1,0|1
10463,0|2,0|0,1|1,0|0
20173,4|4,0|0,0|0,0|0
18735,0|1,0|0,0|0,0|0
17212,2|3,0|0,0|0,0|0
17967,1|1,0|0,0|0,0|0
18008,0|3,0|0,0|0,0|0
17985,3|3,0|0,0|0,0|0
17990,0|1,0|0,0|0,0|0
20848,0|3,0|0,0|1,0|0
16566,0|4,0|0,0|0,0|0
21487,1|4,0|0,1|1,0|0
17956,0|1,0|0,0|0,0|0
17959,1|1,0|0,0|0,0|0
15904,0|2,0|0,1|1,0|0
19432,2|4,0|0,0|0,1|1
15876,0|3,0|0,0|2,0|1
18722,1|3,0|0,0|0,0|1
21501,0|3,0|0,0|1,0|1
20183,1|3,0|0,0|0,0|0
10000204,4|7,0|1,1|2,2|4
1540,0|2,0|0,0|0,1|1
1558,2|4,0|0,0|0,0|0
1241,1|1,1|1,0|0,0|1
1549,1|2,0|0,0|0,0|0
1244,0|5,0|0,0|1,0|1
10000650,7|7,0|0,0|0,0|1
533,4|4,0|0,0|0,1|1
545,3|5,0|0,0|0,0|1
100001016,5|5,1|1,0|0,0|0
2466,0|4,0|0,0|0,0|0
905,2|4,0|1,0|0,0|0
2164,1|1,0|0,0|0,0|1
901,1|3,0|0,0|0,0|0
7849,0|2,0|0,0|0,0|0
7447,0|3,0|0,0|0,0|0
8708,0|3,0|0,0|0,0|0
8245,1|2,0|0,0|0,1|1
6712,0|5,0|0,0|0,0|0
8268,0|2,0|0,1|1,0|0
10000984,5|5,0|0,0|0,0|0
10000106,2|2,2|2,0|0,0|1
1531,4|4,0|0,0|0,2|2
2146,1|4,0|0,0|0,0|0
10000943,1|1,2|2,0|0,1|1
522,5|5,1|1,0|0,0|0
2163,1|2,0|1,0|0,0|0
1855,6|6,1|1,0|0,1|1
1868,3|5,0|0,0|0,0|0
1246,1|3,0|0,0|0,0|0
10000615,0|3,0|0,0|0,0|0
2471,0|5,0|1,0|0,0|0
1226,3|5,0|0,0|0,0|0
10000580,3|3,1|1,0|0,0|0
10000239,3|4,0|2,2|2,2|5
1838,3|5,0|0,0|0,0|0
1546,4|4,1|1,0|1,0|1
890,0|2,0|0,0|0,0|1
1864,0|4,0|1,0|0,0|0
10000492,2|3,1|1,0|1,0|0
546,1|2,1|1,0|0,0|1
15226,0|1,0|0,0|0,0|0
13480,0|3,0|0,0|0,0|0
10445,0|2,0|0,0|1,0|0
13477,0|1,0|0,0|0,0|0
10441,0|3,0|0,0|0,0|0
15209,2|2,0|0,0|0,0|0
12408,0|5,0|0,0|0,0|0
13449,0|1,0|0,0|0,0|0
12997,0|2,0|0,0|0,0|0
12968,0|4,0|0,0|0,0|0
10950,0|2,0|0,0|0,0|0
11393,0|1,0|0,0|0,0|0
13998,1|5,0|0,0|0,1|1
10932,0|1,0|0,0|0,1|1
15228,0|1,0|0,0|0,0|0
13450,0|1,0|0,0|0,0|0
9988,0|1,0|0,0|0,0|0
9974,0|1,0|0,0|0,0|0
1858,2|2,0|0,0|0,0|0
10000343,1|1,1|1,0|0,0|1
911,0|3,0|0,0|0,0|1
547,3|4,0|0,0|0,0|0
530,4|4,0|0,0|0,1|1
520,1|2,1|1,0|0,0|0
1852,3|4,1|1,0|0,3|3
10000935,3|3,1|1,0|0,1|1
1850,3|4,0|0,0|0,0|0
913,0|3,0|1,0|0,0|0
15860,0|1,0|0,0|0,0|0
21526,0|4,0|0,0|0,0|0
16551,1|4,0|0,0|0,0|0
21505,1|3,0|0,0|0,0|0
17252,0|2,0|0,0|0,0|0
15888,1|3,0|0,1|2,0|0
10469,3|5,0|1,0|0,0|0
12989,0|1,0|1,0|0,0|1
14607,0|2,0|0,0|0,0|0
15220,0|1,0|0,0|0,0|0
14015,0|1,0|0,0|0,0|1
2443,2|4,0|1,0|0,0|0
1251,0|4,0|1,0|0,0|0
528,0|2,0|1,0|0,0|1
539,1|1,0|0,0|0,0|0
13493,0|3,0|0,0|0,0|0
12405,0|1,0|0,0|0,0|0
11842,0|2,0|0,0|0,0|0
10933,1|4,0|0,0|0,0|0
18740,0|1,0|0,0|0,0|0
18724,0|2,0|0,0|0,0|0
21493,0|2,0|0,0|0,0|0
21484,0|2,0|0,0|0,0|0
5145,0|1,0|0,0|0,0|1
5919,0|2,0|0,0|0,1|2
5143,1|1,0|0,0|0,1|1
10926,1|2,0|0,0|0,0|1
10952,0|1,0|0,0|0,0|0
10457,3|3,0|0,0|0,0|0
14590,0|3,0|0,0|0,0|0
15905,0|2,0|0,0|0,0|0
20160,0|3,0|1,0|0,0|0
15902,0|3,0|0,0|0,0|0
15873,0|1,0|0,1|2,0|0
20163,0|1,0|0,0|0,0|0
7861,0|1,0|0,0|0,3|3
5946,0|3,0|0,0|0,0|0
5540,0|5,0|0,0|0,0|2
5933,1|2,0|0,0|0,0|0
3089,0|2,0|0,0|0,0|0
5139,3|6,0|0,0|0,0|1
2764,4|4,0|0,0|0,1|1
3102,1|2,0|0,0|0,1|1
5554,4|4,0|0,0|0,0|0
2775,3|5,0|0,0|0,0|0
5522,0|1,0|0,0|0,0|0
12992,0|4,0|0,0|0,0|0
12386,1|4,0|0,0|0,0|0
11848,0|2,0|0,0|0,0|0
10470,0|2,0|0,0|0,0|0
13489,0|2,0|0,0|0,0|1
14020,0|2,0|0,0|0,0|0
14568,1|2,0|0,0|0,0|0
10000193,2|4,1|2,2|2,2|4
541,0|1,0|0,0|0,0|0
10000641,2|2,0|0,0|0,0|1
1535,1|3,0|0,0|0,0|1
1248,1|1,0|1,0|0,1|1
2169,0|1,0|0,0|1,0|0
5537,0|5,0|0,0|0,0|1
5898,2|3,0|0,0|0,0|0
5508,2|2,0|0,0|0,0|0
4794,3|3,0|0,0|0,0|0
5511,0|4,0|0,0|0,0|0
3419,4|5,1|1,0|0,0|0
20199,1|3,0|0,0|0,0|0
4465,0|2,0|0,0|0,0|0
15222,0|4,0|1,0|0,0|0
13460,0|1,1|1,0|0,0|0
895,2|3,0|0,0|0,0|0
10447,1|4,0|0,2|3,1|2
12952,0|2,0|0,0|0,0|0
11410,1|1,0|1,0|0,0|0
4801,0|2,0|0,0|0,0|1
3098,1|1,0|0,1|1,0|0
9970,0|2,0|0,0|0,0|0
7500,1|1,0|0,0|0,0|0
6716,0|1,0|0,0|0,0|0
6713,1|1,0|1,0|0,0|0
13988,1|1,0|1,0|0,0|1
12404,1|1,1|1,0|0,0|0
1845,1|1,0|0,0|0,0|2
542,0|0,0|0,0|0,0|1
15900,1|1,0|0,0|1,1|1
15893,0|1,0|0,0|1,1|1
20149,0|2,0|0,0|0,0|1
17251,0|0,0|0,0|1,1|1
17971,0|0,0|0,1|1,1|1
21478,0|0,0|0,0|0,1|1
22175,0|0,0|0,0|1,1|2
21529,0|0,0|0,0|0,1|1
6304,0|0,0|0,0|0,1|1
7496,1|3,0|0,0|0,1|1
6297,0|0,0|0,0|0,0|2
6705,1|1,0|0,0|0,1|1
6301,0|0,0|0,0|0,1|1
8272,0|0,0|0,0|0,2|2
6292,0|1,1|1,0|0,0|1
9134,0|0,0|0,0|0,1|1
22195,0|1,0|1,0|0,0|1
15891,0|0,0|0,0|2,1|2
21521,2|2,0|0,0|0,1|1
17259,0|1,0|0,0|0,0|2
17236,0|2,0|0,0|0,1|1
2786,0|2,0|0,0|0,0|1
2763,1|2,0|0,1|1,0|2
4792,0|0,0|0,0|0,1|1
2770,0|2,0|2,0|1,2|6
1847,0|3,0|0,0|0,0|1
9138,0|0,0|0,0|0,2|2
6306,0|1,0|1,0|0,1|1
7860,0|0,0|0,0|0,2|2
7866,0|1,0|0,0|0,1|1
8262,1|1,0|0,0|0,1|1
5941,1|5,0|0,0|0,0|2
2779,0|2,0|1,0|0,0|0
5519,0|1,0|1,0|0,0|0
6314,0|2,0|0,0|1,0|1
6658,0|2,0|0,0|1,0|1
6274,3|4,0|1,1|1,3|6
7105,0|0,0|0,1|1,0|0
9131,0|0,0|0,1|1,0|0
21499,0|1,0|0,0|1,0|0
17233,0|0,0|0,0|1,1|2
14587,1|4,0|0,0|0,0|0
11411,0|1,0|0,0|0,0|0
11405,0|1,1|1,0|0,1|1
12424,0|3,0|0,0|0,0|0
11382,1|2,0|0,0|0,0|0
14023,0|2,0|0,0|0,0|0
11401,0|2,0|0,0|0,0|0
13984,0|2,0|0,0|0,0|0
10929,1|4,0|0,0|0,0|0
15215,0|3,0|0,0|0,0|0
14576,2|3,0|0,0|1,1|1
13473,0|3,0|0,0|0,0|0
19465,0|1,0|0,0|0,0|0
8251,1|1,0|0,0|0,0|0
7443,1|1,0|0,0|0,0|0
9573,1|2,0|0,0|0,0|0
6722,0|2,0|0,0|0,0|0
5558,0|3,0|0,0|1,0|0
4809,0|2,0|1,0|0,0|0
7059,1|1,0|0,0|0,0|0
7497,1|1,0|0,0|0,0|0
7862,0|0,0|0,0|0,1|1
6270,1|2,0|1,0|0,2|3
10953,0|1,0|0,0|0,1|1
14017,0|1,0|0,0|0,0|1
11844,0|0,0|0,0|0,1|1
14583,0|0,0|0,0|0,1|1
13479,0|1,0|0,1|1,0|1
13486,0|0,0|0,0|0,0|1
13999,0|1,0|0,0|0,1|1
14009,0|0,0|0,0|0,1|2
2147,1|1,1|2,0|0,0|0
10000836,1|1,0|0,0|0,0|0
12426,1|5,0|0,0|0,0|0
14598,0|4,0|0,0|0,0|1
543,1|1,0|0,1|1,0|0
10000817,1|2,1|1,0|0,0|0
894,1|2,0|1,0|0,0|0
18745,3|3,0|0,0|0,0|0
5912,0|1,0|1,0|0,0|0
4805,0|3,1|1,0|0,0|0
5536,1|2,0|0,0|0,1|1
5163,1|1,0|0,0|0,2|2
7472,0|1,0|0,0|0,1|2
21519,0|2,0|0,0|0,0|1
17234,0|1,0|0,0|0,0|0
17213,2|3,0|0,0|0,1|1
1849,2|2,0|0,0|0,0|1
5526,2|2,0|0,0|0,0|0
5543,0|2,0|0,0|0,0|0
5155,0|4,0|0,0|0,0|0
5931,0|2,0|0,0|0,0|0
5152,3|3,0|0,0|0,0|0
5895,1|3,0|0,0|0,0|0
1539,0|2,0|1,0|0,0|0
8713,0|2,0|0,0|0,0|0
6721,1|3,0|0,0|0,0|0
7065,1|1,0|0,0|0,1|1
7883,0|1,0|0,0|0,0|1
6317,0|3,0|0,0|0,0|0
20151,1|4,0|0,0|0,0|0
16543,1|2,0|0,0|0,0|0
17255,0|1,0|1,1|1,0|0
2470,1|3,0|0,0|0,0|0
1000085,4|4,2|2,0|0,0|0
6672,0|2,0|0,0|0,0|0
12958,0|1,0|0,0|0,0|0
12943,1|4,0|0,0|0,0|0
11884,0|3,0|0,0|0,0|0
11851,1|3,0|1,1|1,0|0
13458,1|1,0|0,0|0,0|0
10931,0|2,0|0,0|0,0|0
20187,0|3,0|0,0|0,0|1
17241,3|3,0|0,0|0,0|0
20823,1|2,0|0,0|0,0|0
8695,0|0,1|1,0|0,0|0
18710,0|0,0|0,0|0,1|1
14018,2|4,0|0,0|0,0|0
10452,1|5,0|0,1|3,0|0
10475,1|1,0|0,0|0,0|0
11407,0|3,0|0,0|0,0|0
21504,0|1,0|0,0|0,0|0
19443,1|2,0|0,0|0,0|0
15217,0|1,0|0,0|0,0|0
10916,1|1,0|0,0|0,0|0
10945,1|2,0|0,0|0,0|0
14007,1|3,0|0,0|0,0|0
12967,0|2,0|0,0|0,0|0
11886,2|3,0|0,0|0,0|0
14579,0|1,0|0,0|0,0|0
14008,0|3,0|0,0|0,0|0
12393,1|2,0|0,0|0,0|0
10446,1|3,0|0,3|3,3|3
12418,0|3,0|0,0|0,0|0
11853,0|2,0|0,0|0,0|0
14000,0|2,0|0,0|0,0|0
10462,0|2,0|0,0|0,0|0
13989,1|1,0|0,0|0,0|0
13974,0|1,0|0,0|0,0|0
12422,0|1,0|0,0|0,0|0
10437,0|2,0|0,0|0,1|1
11852,0|1,0|0,0|0,1|1
12998,0|1,0|2,0|0,0|0
13490,0|2,0|0,0|0,0|0
13469,0|2,0|0,0|0,0|0
10444,1|1,0|0,1|1,0|0
12946,1|1,0|0,0|0,0|0
10914,1|3,0|0,0|0,0|1
c,1|1,0|0,0|0,0|0
14577,0|2,0|0,0|0,0|0
13990,0|2,0|0,0|0,0|0
15194,1|1,0|0,0|0,0|0
14572,0|2,0|0,0|0,0|0
11367,2|4,0|0,0|0,0|0
10461,0|3,2|2,0|0,0|0
13485,1|1,0|0,0|0,1|2
11404,0|4,0|0,0|0,0|0
13448,0|1,0|0,0|0,0|0
10467,0|3,0|1,0|0,0|1
10464,1|1,0|0,0|0,0|0
14024,1|2,0|0,0|0,0|0
12392,2|3,0|0,0|0,0|0
13488,0|4,1|1,0|0,0|0
14021,2|3,0|0,0|1,0|0
12991,0|2,0|0,0|0,0|0
13442,1|1,1|1,0|0,0|0
12965,0|1,0|0,0|0,0|0
12390,2|2,1|1,0|0,0|0
11409,0|1,0|0,0|0,0|0
10474,0|2,0|0,0|0,0|0
11399,1|1,0|0,0|0,0|0
10941,1|1,0|0,0|0,0|0
15211,1|3,0|0,0|0,1|3
10947,0|1,0|0,0|0,0|0
15251,1|3,0|0,0|0,0|0
12417,0|2,0|0,0|0,0|0
10478,1|2,0|0,0|0,0|1
10917,0|1,0|0,0|0,0|0
13461,1|1,0|0,0|0,0|0
12399,0|1,0|0,0|0,0|0
11372,0|2,0|0,0|0,0|0
14012,2|2,0|0,0|0,0|0
12396,0|1,0|0,0|0,0|0
11379,1|2,0|0,0|0,0|0
15237,0|1,0|1,0|0,0|1
14605,1|2,0|0,0|0,0|0
14567,0|1,0|0,0|0,1|1
11881,1|1,0|0,0|0,0|0
11396,2|2,0|0,0|0,0|0
12961,1|1,1|1,0|0,0|0
13985,0|2,0|0,0|0,1|1
15214,1|2,0|0,0|0,1|1
15246,0|2,0|0,0|0,0|0
10940,0|1,0|0,0|0,0|0
10925,0|3,0|0,0|0,0|0
11391,1|2,0|0,0|0,0|0
15871,0|3,0|1,3|3,3|4
20198,0|2,0|0,0|0,0|0
15867,1|4,0|1,2|3,1|3
20808,3|3,0|0,0|0,0|0
18730,2|2,0|0,0|0,0|0
20165,1|2,0|0,0|0,0|0
20814,2|2,0|0,0|0,0|0
17964,1|1,0|0,0|0,0|0
19452,1|2,0|0,0|0,0|0
20827,1|2,0|0,0|0,0|0
15890,1|2,0|0,0|2,0|0
2158,1|1,0|0,0|0,0|1
1867,2|2,0|0,0|0,1|1
9981,0|1,0|0,0|0,1|1
8282,0|1,0|0,0|0,1|1
10000214,1|4,1|1,1|2,1|5
2442,0|1,0|1,0|0,0|1
4456,1|2,0|0,0|0,0|0
3431,0|1,0|0,0|0,0|0
4462,0|3,0|0,0|0,0|0
5512,0|2,0|0,0|0,0|0
5162,0|3,0|1,0|0,1|1
5538,2|5,0|0,0|0,0|0
3072,2|2,0|0,0|0,0|0
892,0|1,0|2,0|0,0|0
1541,2|2,0|1,0|0,0|1
2150,1|1,1|2,0|0,0|0
7101,0|0,0|1,0|0,0|1
7044,0|0,0|0,0|0,1|1
9150,0|0,0|0,0|0,1|1
8697,1|1,0|0,0|0,0|2
8698,0|0,0|0,0|0,0|1
7844,0|0,0|0,0|0,2|2
8690,1|2,0|0,0|0,1|1
7060,2|3,0|0,0|0,0|0
8246,0|1,0|0,0|0,1|1
6697,0|2,0|0,0|0,1|1
6275,2|5,0|1,0|0,2|4
7072,0|1,0|0,0|0,0|1
8714,1|1,0|1,0|0,1|1
7089,1|2,0|0,0|0,1|1
2774,1|1,1|2,0|1,2|4
5160,0|0,0|0,0|0,0|1
5557,1|1,0|0,0|0,1|1
5534,0|3,0|0,0|0,1|2
9159,0|0,0|0,0|0,1|1
7464,1|2,0|0,0|0,1|1
7477,0|0,0|0,0|0,1|1
6676,0|0,0|0,0|0,0|1
6718,0|0,0|0,0|0,1|1
9141,0|1,0|0,0|0,1|1
9987,0|0,0|0,0|0,0|1
9572,0|1,0|0,0|0,1|1
9562,0|0,0|1,0|0,1|1
7052,0|1,0|0,0|0,1|1
8694,0|0,0|0,0|0,1|1
7840,0|0,0|0,0|0,1|1
7466,1|1,0|0,0|0,1|1
7491,0|0,0|0,0|0,0|1
7882,0|0,0|0,0|0,1|1
7485,0|0,0|0,0|0,1|1
7873,0|0,0|0,0|0,1|1
7880,0|0,0|0,0|0,1|1
7057,0|0,0|0,0|0,2|2
8254,0|1,0|0,1|1,1|1
6267,1|2,0|1,0|0,3|4
7459,0|0,0|0,0|0,1|1
7055,0|0,0|0,0|0,1|1
8717,0|0,0|0,0|0,1|2
1861,1|2,0|0,0|0,0|1
1863,2|3,0|0,0|0,0|1
6326,0|1,0|0,0|0,1|1
9135,0|0,0|0,0|0,1|1
11839,0|1,0|0,0|0,1|1
6706,0|1,0|0,0|0,0|1
14612,1|1,0|1,0|0,0|0
12425,0|1,1|2,0|0,0|0
5943,0|2,0|0,0|0,0|0
4427,1|1,0|0,0|1,0|0
5927,0|3,0|0,0|0,0|0
5505,2|3,0|0,1|1,1|1
888,2|2,1|1,0|0,1|1
12951,0|1,0|0,0|0,0|1
10476,0|3,0|0,0|0,0|1
3421,2|2,0|0,0|0,1|1
5911,0|0,0|0,0|0,1|1
4810,2|2,0|0,0|0,1|1
5891,0|1,0|0,0|0,0|1
2783,1|2,0|0,0|0,0|1
5892,1|1,0|0,0|0,1|1
5944,0|0,0|0,0|0,1|1
10459,0|1,0|0,0|0,0|1
21488,0|0,0|1,0|0,0|0
16527,0|1,0|1,0|0,0|0
15859,1|1,0|1,0|0,0|0
16567,0|1,0|1,0|0,0|0
10000818,4|4,1|1,0|0,0|0
15889,0|2,0|1,1|2,0|0
20186,0|2,0|1,0|0,0|0
2138,0|2,0|0,0|0,0|0
1865,1|4,0|0,0|0,0|0
17229,0|1,0|0,0|0,1|1
19445,1|1,0|0,0|0,0|0
15874,1|1,0|0,1|2,0|0
17998,0|3,0|0,0|1,0|0
22167,0|1,0|0,1|1,0|0
20803,1|2,0|0,0|0,0|1
16542,0|1,0|0,0|0,0|0
18717,0|2,0|0,0|0,0|0
19421,1|1,0|0,0|0,0|0
16558,0|1,0|0,0|1,0|0
15906,0|1,0|0,1|1,0|0
15853,2|2,0|0,0|0,0|0
22182,0|3,0|0,0|0,0|0
17245,0|1,0|0,0|0,0|0
16569,1|2,0|0,0|0,0|0
5514,1|2,0|0,0|0,0|0
3775,0|1,0|0,0|0,0|0
903,1|1,0|0,0|0,1|1
893,1|1,0|0,0|0,2|2
16549,2|3,0|0,0|0,0|0
17952,1|2,0|0,0|0,0|0
22181,1|2,0|0,0|0,0|0
17211,0|0,0|0,0|0,1|1
16541,1|3,0|1,0|0,1|1
18004,1|1,0|0,0|0,0|1
20189,0|3,0|0,0|0,0|1
19449,1|2,0|0,0|0,1|1
4082,0|1,0|0,0|0,0|0
20835,3|4,0|0,0|0,0|0
22168,0|1,0|0,1|1,0|0
22178,1|1,0|0,0|0,0|0
13466,2|2,0|0,0|0,0|0
10455,3|4,0|0,3|5,0|0
15236,1|1,0|0,0|0,0|0
10000545,1|1,0|1,0|0,0|0
16556,2|2,0|0,0|0,1|1
17242,0|1,0|0,0|0,0|1
18697,1|1,0|0,0|0,1|1
5516,1|3,0|0,0|0,0|0
17951,0|1,0|0,0|0,0|0
20169,3|3,0|0,0|0,0|0
10000809,1|1,0|1,0|0,0|0
17230,1|2,0|1,0|0,0|0
19466,0|0,0|1,0|0,0|0
18713,1|1,0|1,0|0,0|0
7877,0|0,0|0,0|0,1|1
9569,0|0,0|0,0|0,1|1
537,0|0,0|1,0|0,0|2
2462,2|3,0|0,0|0,1|1
17227,1|2,0|0,0|0,0|0
20193,0|2,0|0,0|0,0|0
18729,2|2,0|0,0|0,0|0
17989,2|2,0|0,0|0,0|0
17975,1|4,0|0,0|0,0|0
21480,0|1,0|1,0|0,0|0
21507,0|2,0|0,0|0,0|0
20832,2|2,0|0,0|0,0|0
15863,3|3,0|1,2|3,3|4
17969,2|2,0|0,0|0,0|0
20164,0|4,0|0,0|0,1|1
10000631,3|3,0|0,0|0,1|1
7061,0|1,0|0,0|0,0|0
6711,0|2,0|0,0|0,0|0
9147,0|1,0|0,0|0,0|0
12413,0|0,0|1,0|0,0|0
10438,0|0,1|1,0|0,0|0
16533,0|1,0|0,0|0,0|0
15869,3|3,0|1,3|3,1|3
18712,0|2,0|0,1|1,0|0
4449,0|3,0|0,0|0,0|0
4095,1|2,0|0,0|0,0|0
4777,0|1,0|0,0|0,0|0
15872,2|2,0|0,1|2,0|0
7858,1|1,0|0,0|0,0|0
6701,0|1,0|1,0|0,0|0
8256,1|2,0|0,0|0,0|0
7444,0|4,0|0,0|0,0|0
7467,0|1,0|0,0|0,0|0
3439,0|3,0|0,0|0,0|0
3773,0|1,0|0,0|0,0|0
5930,0|1,0|0,0|0,0|0
1563,2|3,0|1,0|0,0|0
6273,0|3,0|1,0|1,1|2
6692,0|1,0|0,0|0,0|0
7450,1|2,0|0,0|0,0|0
9576,0|2,0|0,0|0,0|0
18702,1|3,0|0,0|0,0|0
17248,0|1,0|1,0|0,0|0
12373,0|2,0|0,0|0,0|0
13456,1|2,0|0,0|0,0|0
15250,1|3,0|0,0|0,0|0
14601,1|2,0|0,0|0,0|0
3097,0|2,0|0,0|0,0|0
4811,1|1,0|0,0|0,0|0
5527,0|2,0|0,0|0,0|0
15896,1|3,0|0,0|1,0|0
17979,1|1,0|0,1|1,0|0
21515,0|3,0|0,1|1,0|0
17962,1|2,0|0,0|0,0|0
2156,0|0,1|1,0|0,0|0
20174,1|2,0|0,0|0,0|0
17965,1|1,0|0,0|0,0|0
18002,0|1,0|0,0|0,0|0
20157,0|1,0|0,0|0,1|1
19428,1|2,0|0,0|0,0|0
15858,1|1,0|0,0|0,0|0
16534,0|2,0|0,0|0,0|0
17970,0|1,0|0,0|0,0|0
17224,1|3,0|0,0|1,0|0
15875,0|1,0|0,1|2,0|0
16565,1|1,0|0,0|0,0|0
18725,0|1,0|0,0|0,0|0
20811,1|3,0|0,0|0,0|0
15884,0|1,0|0,2|2,0|0
18698,2|2,0|0,0|0,0|0
17217,2|2,0|0,0|0,0|0
18696,1|1,0|1,0|0,0|0
19434,1|2,0|0,0|0,0|0
17226,1|1,0|0,0|0,0|0
22161,0|2,0|0,0|0,0|0
22165,0|2,0|0,0|0,0|0
20195,1|1,0|0,0|0,0|0
18726,2|2,0|0,0|0,0|0
19430,3|3,0|0,0|0,0|0
21525,0|1,0|0,0|0,0|0
15903,1|2,0|0,0|0,0|0
22199,0|1,0|0,0|0,0|0
17219,1|1,1|1,1|1,0|0
18734,1|2,0|0,0|0,0|0
22188,0|1,0|0,0|0,0|0
20817,0|1,0|0,0|0,0|0
22200,0|2,0|0,0|0,0|0
20836,0|2,0|0,0|0,0|0
19458,1|1,0|0,0|0,0|0
21502,0|2,0|0,0|0,0|0
16535,1|1,0|0,0|0,0|0
18721,2|2,0|0,0|0,0|0
22162,1|1,0|0,0|0,0|0
20178,2|3,0|1,0|0,0|0
17246,1|1,0|0,0|0,0|0
15883,1|2,0|0,0|2,0|0
20196,0|1,0|0,0|0,0|0
19453,0|1,0|0,0|0,0|0
22192,0|2,0|0,0|0,0|0
20822,1|1,0|0,0|0,0|0
22172,1|1,0|0,0|0,0|0
22169,0|1,0|0,0|0,0|0
8706,0|1,0|0,0|0,0|0
6313,1|2,0|0,0|0,0|0
14013,1|2,0|0,0|0,0|0
10468,1|1,0|0,0|0,0|0
12944,1|2,0|0,0|0,0|0
21516,0|0,0|1,0|0,0|0
17258,0|1,0|1,0|0,0|0
19471,0|1,0|1,0|0,0|0
12427,0|1,0|0,0|0,0|0
14592,0|1,0|0,0|0,0|0
16568,0|1,0|0,0|0,0|0
5925,1|1,0|0,0|0,0|0
4454,1|1,0|0,1|1,0|0
19472,0|0,0|1,0|0,0|0
21495,0|0,0|1,0|0,0|0
18733,0|2,0|1,0|0,0|0
11381,0|2,0|0,0|0,0|0
14003,0|3,0|0,0|0,0|0
13475,0|1,0|0,0|0,0|0
13471,0|2,0|0,0|0,0|0
15868,1|2,0|1,3|3,0|3
6693,0|1,0|0,0|0,0|0
12406,1|2,0|0,0|0,0|0
15878,0|2,0|0,2|2,0|0
20167,0|1,0|0,2|2,0|0
18705,2|2,0|0,0|0,0|0
19435,2|2,0|0,0|0,0|0
22196,0|2,0|0,0|0,0|0
20156,0|1,0|0,0|0,0|0
16555,0|1,0|0,0|0,0|0
11854,0|1,0|0,0|0,0|0
12987,1|3,0|0,0|0,0|0
12428,2|3,0|0,0|0,0|0
11414,0|2,0|0,0|0,0|0
13484,0|1,0|0,0|0,0|0
12975,0|1,1|1,0|0,0|0
12400,1|1,0|0,0|0,0|1
10450,0|2,0|1,1|3,0|1
13462,0|0,0|0,0|0,1|1
12964,1|2,0|0,0|0,0|1
10919,0|1,0|0,0|0,0|0
4102,0|1,0|0,0|0,0|0
5552,0|1,0|0,0|0,0|0
12414,0|1,0|0,0|0,0|0
11366,0|2,0|0,0|0,0|0
10000166,2|4,0|1,1|2,1|4
10453,1|3,0|0,1|3,0|0
12949,0|1,0|0,0|0,0|0
12377,0|1,0|0,0|0,0|0
4447,2|2,0|0,0|0,0|0
13991,0|2,0|0,0|0,0|0
12981,0|1,0|0,0|0,0|0
12966,0|1,0|0,0|0,0|0
11392,1|2,0|0,0|0,0|0
13995,0|1,0|0,0|0,0|0
5154,2|2,0|0,0|0,1|1
18707,1|1,0|0,0|0,0|0
13981,1|2,0|0,0|0,0|0
11370,0|1,0|0,0|0,0|0
10448,3|4,0|0,1|3,2|2
7469,0|0,0|0,1|1,0|0
16552,0|1,0|0,0|0,0|0
20188,0|2,0|0,0|0,0|0
14010,0|0,0|0,0|0,0|1
1239,0|1,0|0,0|0,0|0
2451,0|1,0|0,1|1,0|0
18746,1|1,0|0,0|0,0|0
18739,0|2,0|0,0|0,0|0
20144,0|1,0|0,0|0,0|0
8718,0|1,0|0,0|0,0|0
6668,1|1,0|0,0|0,0|0
7471,0|1,0|0,0|0,0|0
6302,1|1,0|0,0|0,0|0
15239,1|1,0|0,0|0,0|0
11843,1|1,0|0,0|0,0|0
12969,1|1,0|0,0|0,0|0
12973,0|1,0|0,0|0,0|0
10918,0|1,0|0,0|0,0|0
14570,0|1,0|0,0|0,0|0
14597,0|1,0|0,0|0,0|0
11387,0|2,0|0,0|0,0|0
10920,0|1,0|0,0|0,0|0
12378,0|1,0|0,0|0,0|0
12972,0|1,0|0,0|0,0|0
5146,0|1,0|0,0|0,0|0
8711,1|1,0|0,0|0,0|0
8275,0|1,0|0,0|0,0|0
6707,0|1,0|0,0|0,0|0
8715,1|2,0|0,0|0,0|0
9984,0|1,0|0,0|0,0|0
20820,0|1,0|0,0|0,0|1
20153,0|1,0|0,0|0,0|0
10458,1|1,0|0,0|0,0|0
13002,1|2,0|0,0|0,0|0
9976,0|1,0|0,0|0,0|0
8719,0|1,0|0,0|0,0|0
9578,0|1,0|0,0|0,0|0
6683,1|1,0|0,0|0,0|0
9556,1|2,0|0,0|0,0|0
7448,1|1,0|0,0|0,0|0
5504,1|1,0|0,0|0,0|0
11857,2|2,0|0,0|0,0|0
14593,0|1,0|0,0|0,0|0
15204,1|1,0|0,0|0,0|0
11860,0|1,0|0,0|0,0|0
12990,1|1,0|0,0|0,0|0
11882,0|1,0|0,0|0,0|0
12947,0|1,0|0,0|0,0|0
10948,1|1,0|0,0|0,0|0
15232,0|0,1|1,0|1,0|0
14603,1|2,0|0,0|0,0|0
20161,0|1,0|0,0|1,0|0
15227,1|1,0|0,0|0,0|0
17220,2|2,0|0,0|0,0|0
3420,0|0,0|0,0|1,0|0
21494,0|1,0|0,1|1,0|0
6675,0|1,0|0,0|0,0|0
8703,1|1,0|0,0|0,0|0
9160,1|1,0|0,0|0,0|0
7099,0|1,0|0,0|0,0|0
7886,0|1,0|0,0|0,0|0
7454,0|1,0|0,0|0,0|0
17997,0|1,0|0,0|0,0|0
6695,1|1,0|0,0|0,0|0
16554,0|0,0|0,0|0,0|1
19470,0|0,0|0,0|1,0|0
1000070,1|3,0|0,0|0,1|5
1000074,1|2,0|0,0|0,1|4
1000088,1|2,0|0,0|0,1|4
10000109,2|2,0|0,0|0,2|5
10000113,1|2,0|0,0|0,2|4
10000116,0|2,0|0,0|0,0|4
10000117,1|3,0|0,0|0,0|4
10000118,2|2,0|0,0|0,2|4
10000119,1|2,0|0,0|0,2|4
10000120,0|2,0|1,0|0,0|2
15866,0|2,0|1,0|3,3|3
15870,0|1,0|1,1|3,2|3
6276,2|3,0|1,0|0,2|4
6278,3|3,1|1,0|0,0|2
18718,1|1,0|0,0|0,0|0
10000308,0|0,1|1,0|0,0|1
6289,0|0,1|1,0|0,0|0
6291,0|0,0|1,0|0,0|0
6293,0|0,1|1,0|0,0|0
15886,0|0,0|0,1|2,0|0
15895,0|0,0|0,0|2,0|0
6268,1|3,0|1,0|0,1|2
6271,2|2,1|1,0|0,1|2
1000014,1|2,0|0,0|0,0|0
100001044,0|1,0|0,0|0,0|0
1000020,1|1,0|0,0|0,0|0
10000835,2|2,0|0,0|0,0|0
10000340,1|1,0|0,0|0,0|0
10000974,1|1,0|0,0|0,0|0
10000365,0|1,0|1,0|0,0|0
10000511,1|1,0|0,0|0,0|1
10000516,0|1,0|0,0|0,0|0
10000468,2|2,0|0,0|0,0|0
11403,0|1,0|0,0|0,0|0
10000654,1|1,0|0,0|0,0|0
10000743,1|1,1|1,0|0,1|1
10000315,1|1,0|0,0|0,0|0
10000384,0|1,0|0,0|0,0|0
10000902,1|1,0|0,0|0,0|0
10000283,1|1,0|0,0|0,0|0
10000728,1|1,0|0,0|0,1|1
10000903,1|1,0|0,0|0,0|0
10000948,1|1,0|0,0|0,1|1
13447,1|1,0|0,0|0,0|0
13446,0|1,0|0,0|0,0|0
10000519,1|1,0|0,0|0,0|0
10000977,1|1,0|0,0|0,0|0
100001024,1|1,0|0,0|0,0|0
10000742,0|1,0|0,0|0,0|0
10000937,0|1,0|0,0|0,0|0
10000771,1|1,0|0,0|0,0|0
10000517,1|1,0|0,0|0,1|1
10000198,1|1,0|0,0|0,0|0
10000797,1|2,0|0,0|0,0|0
10000322,0|1,0|0,0|0,0|0
10000825,0|1,0|0,0|0,0|0
10000480,0|1,0|0,0|0,1|1
10000832,0|1,0|0,0|0,0|0
10000823,1|1,0|0,0|0,0|0
10000634,2|2,1|1,0|0,0|0
10000277,1|1,0|0,0|0,0|0
10000271,1|1,0|0,0|0,0|0
1000048,1|1,1|2,0|0,0|0
10000289,1|1,0|0,0|0,1|1
10000930,1|1,0|0,0|0,0|0
10000635,1|1,0|0,0|0,0|0
10000843,1|1,0|0,0|0,0|0
10000434,1|1,0|0,0|0,0|0
10000975,1|1,0|0,0|0,0|0
9589,1|1,0|0,0|0,0|0
14004,0|1,0|0,0|0,0|0
10000270,0|0,0|0,0|0,0|1
1000050,0|0,0|0,0|0,0|1
1000058,0|0,0|0,0|0,0|1
10000518,0|0,0|0,0|0,0|1
10000134,0|0,0|0,0|0,2|2
10000656,0|0,0|0,0|0,1|2
100001022,0|0,0|0,0|0,1|2
10000594,0|0,0|0,0|0,0|1
10000973,0|0,0|0,0|0,1|1
10000243,0|0,0|0,0|0,1|1
10000509,0|0,0|0,0|0,1|1
10000657,0|0,0|0,0|0,1|1
10000682,0|0,0|0,0|0,1|1
10000734,0|0,0|0,0|0,1|1
10000760,0|0,0|0,0|0,0|1
10000487,0|0,0|0,0|0,0|1
10000947,0|0,0|0,0|0,1|1
10000707,0|0,0|0,0|0,0|1
10000562,0|0,0|1,0|0,0|0
10000266,0|0,0|1,0|0,0|0
10000423,0|0,1|1,0|0,0|0
10000629,0|0,0|1,0|0,0|0
10000220,0|0,0|1,0|0,0|0